,Brand,Name,Url,Handle,MSRP,Sale Price,On Sale Percent
0,allbirds,Women's Studio Tank - Medium Grey,https://allbirds.com/products/womens-studio-tank-medium-grey,womens-studio-tank-medium-grey,58.00,29.00,50.0
1,allbirds,Women's Performance Sports Bra - Natural Black,https://allbirds.com/products/womens-performance-sports-bra-natural-black,womens-performance-sports-bra-natural-black,58.00,29.00,50.0
2,allbirds,Sugar Sliders - Buoyant Orange,https://allbirds.com/products/sugar-sliders-buoyant-orange,sugar-sliders-buoyant-orange,50.00,35.00,30.0
3,allbirds,Women's Tree Flyers - Blizzard (Blizzard Sole),https://allbirds.com/products/womens-tree-flyers-blizzard,womens-tree-flyers-blizzard,160.00,89.00,44.375
4,allbirds,Women's Studio Tank - True Navy,https://allbirds.com/products/womens-studio-tank-true-navy,womens-studio-tank-true-navy,58.00,29.00,50.0
5,allbirds,Women's Studio Tank - Blizzard,https://allbirds.com/products/womens-studio-tank,womens-studio-tank,58.00,29.00,50.0
6,allbirds,Women's Tree Flyers - Bloom Pink (Blizzard Sole),https://allbirds.com/products/womens-tree-flyers-bloom-pink,womens-tree-flyers-bloom-pink,160.00,89.00,44.375
7,allbirds,Sugar Sliders - Forage Green/Natural White,https://allbirds.com/products/sugar-sliders-forage-green,sugar-sliders-forage-green,50.00,35.00,30.0
8,allbirds,Women's Studio Long Sleeve Tee - Blizzard,https://allbirds.com/products/womens-studio-long-sleeve-tee,womens-studio-long-sleeve-tee,68.00,34.00,50.0
9,allbirds,Women's Performance Sports Bra - Lux Purple,https://allbirds.com/products/womens-performance-sports-bra,womens-performance-sports-bra,58.00,29.00,50.0
10,allbirds,Sugar Sliders - Pure Azure,https://allbirds.com/products/sugar-sliders-pure-azure,sugar-sliders-pure-azure,50.00,35.00,30.0
11,allbirds,Men's Canvas Pacers - Chia Purple (Blizzard Sole),https://allbirds.com/products/mens-canvas-pacers-chia-purple,mens-canvas-pacers-chia-purple,110.00,64.00,41.81818181818181
12,allbirds,Women's Canvas Pacers - Chia Purple (Blizzard Sole),https://allbirds.com/products/womens-canvas-pacers-chia-purple,womens-canvas-pacers-chia-purple,110.00,64.00,41.81818181818181
13,allbirds,Men's Tree Flyers - Bloom Pink (Blizzard Sole),https://allbirds.com/products/mens-tree-flyers-bloom-pink,mens-tree-flyers-bloom-pink,160.00,89.00,44.375
14,allbirds,Men's Plant Pacers - Natural Black (Blizzard Sole),https://allbirds.com/products/mens-plant-pacers-natural-black,mens-plant-pacers-natural-black,135.00,79.00,41.48148148148148
15,allbirds,Women's Plant Pacers - Natural Black (Blizzard Sole),https://allbirds.com/products/womens-plant-pacers-natural-black,womens-plant-pacers-natural-black,135.00,79.00,41.48148148148148
16,allbirds,Women's Tree Dasher Relay - Buoyant Orange (Blizzard Sole),https://allbirds.com/products/womens-tree-dasher-relay-buoyant-orange,womens-tree-dasher-relay-buoyant-orange,135.00,99.00,26.666666666666668
17,allbirds,Women's Tree Flyers - Lux Pink (Blizzard Sole),https://allbirds.com/products/womens-tree-flyers-lux-pink,womens-tree-flyers-lux-pink,160.00,59.00,63.125
18,allbirds,Men's Wool Piper Woven - Pewter Grey (Blizzard Sole),https://allbirds.com/products/mens-wool-piper-woven-pewter-grey,mens-wool-piper-woven-pewter-grey,115.00,79.00,31.30434782608696
19,allbirds,Men's Wool Piper Woven - Natural White (Natural White Sole),https://allbirds.com/products/mens-wool-piper-woven-natural-white,mens-wool-piper-woven-natural-white,115.00,79.00,31.30434782608696
20,allbirds,Men's Wool Piper Woven - Natural Black (Natural White Sole),https://allbirds.com/products/mens-wool-piper-woven-natural-black,mens-wool-piper-woven-natural-black,115.00,79.00,31.30434782608696
21,allbirds,Sugar Sliders - Honey Rust,https://allbirds.com/products/sugar-sliders-honey-rust,sugar-sliders-honey-rust,50.00,35.00,30.0
22,allbirds,Women's Wool Dasher Mizzles - Calm Taupe (Calm Taupe Sole),https://allbirds.com/products/womens-wool-dasher-mizzles-calm-taupe,womens-wool-dasher-mizzles-calm-taupe,145.00,109.00,24.82758620689655
23,allbirds,Men's Wool Dasher Mizzles - Calm Taupe (Calm Taupe Sole),https://allbirds.com/products/mens-wool-dasher-mizzles-calm-taupe,mens-wool-dasher-mizzles-calm-taupe,145.00,109.00,24.82758620689655
24,allbirds,Men's Tree Flyers - Forage Green (Blizzard Sole),https://allbirds.com/products/mens-tree-flyers-forage-green,mens-tree-flyers-forage-green,160.00,59.00,63.125
25,allbirds,Men's R&R Sweatshirt - Calm Cargo,https://allbirds.com/products/mens-rr-sweatshirt-calm-cargo,mens-rr-sweatshirt-calm-cargo,98.00,84.00,14.285714285714285
26,allbirds,Men's R&R Hoodie - Calm Cargo,https://allbirds.com/products/mens-rr-hoodie-calm-cargo,mens-rr-hoodie-calm-cargo,118.00,104.00,11.864406779661017
27,allbirds,Women's R&R Hoodie - Calm Taupe,https://allbirds.com/products/womens-rr-hoodie-calm-taupe,womens-rr-hoodie-calm-taupe,118.00,104.00,11.864406779661017
28,allbirds,Women's R&R Sweat Short - Hazy Indigo,https://allbirds.com/products/womens-rr-sweat-short-hazy-indigo,womens-rr-sweat-short-hazy-indigo,68.00,59.00,13.23529411764706
29,allbirds,Women's R&R Sweatpant - Calm Taupe,https://allbirds.com/products/womens-rr-sweatpant-calm-taupe,womens-rr-sweatpant-calm-taupe,98.00,84.00,14.285714285714285
30,allbirds,Men's R&R Sweatpant - Calm Cargo,https://allbirds.com/products/mens-rr-sweatpant-calm-cargo,mens-rr-sweatpant-calm-cargo,98.00,84.00,14.285714285714285
31,allbirds,Men's R&R Sweat Short - Calm Cargo,https://allbirds.com/products/mens-rr-sweat-short-calm-cargo,mens-rr-sweat-short-calm-cargo,68.00,59.00,13.23529411764706
32,allbirds,Women's R&R Sweatshirt - Calm Taupe,https://allbirds.com/products/womens-rr-sweatshirt-calm-taupe,womens-rr-sweatshirt-calm-taupe,98.00,84.00,14.285714285714285
33,allbirds,Men's R&R Sweat Short - Hazy Indigo,https://allbirds.com/products/mens-rr-sweat-short-hazy-indigo,mens-rr-sweat-short-hazy-indigo,68.00,59.00,13.23529411764706
34,allbirds,Women's Tree Flyers - Forage Tan (Blizzard Sole),https://allbirds.com/products/womens-tree-flyers-forage-tan,womens-tree-flyers-forage-tan,160.00,59.00,63.125
35,allbirds,Women's Tree Dashers 2 - Thrive Teal (Blizzard Sole),https://allbirds.com/products/womens-tree-dashers-thrive-teal,womens-tree-dashers-thrive-teal,135.00,79.00,41.48148148148148
36,allbirds,Women's Wool Dasher Mizzles - Forage Green (Forage Green Sole),https://allbirds.com/products/womens-wool-dasher-mizzles-forage-green,womens-wool-dasher-mizzles-forage-green,145.00,109.00,24.82758620689655
37,allbirds,Men's Wool Dasher Mizzles - Forage Green (Forage Green Sole),https://allbirds.com/products/mens-wool-dasher-mizzles-forage-green,mens-wool-dasher-mizzles-forage-green,145.00,109.00,24.82758620689655
38,allbirds,Women's Sea Tee - Classic Fit - Natural Grey,https://allbirds.com/products/womens-sea-tee-classic-fit-natural-grey,womens-sea-tee-classic-fit-natural-grey,48.00,29.00,39.58333333333333
39,allbirds,Women's Trino® Thong - Navy Night,https://allbirds.com/products/womens-trino-thong-navy-night,womens-trino-thong-navy-night,16.00,9.00,43.75
40,allbirds,Women's Trino® Thong - True Black,https://allbirds.com/products/womens-trino-thong-true-black,womens-trino-thong-true-black,16.00,9.00,43.75
41,allbirds,Women's Trino® Thong - Kaikoura White,https://allbirds.com/products/womens-trino-thong,womens-trino-thong,16.00,9.00,43.75
42,allbirds,Women's Canvas Pacers - Hazy Indigo (Blizzard Sole),https://allbirds.com/products/womens-canvas-pacers-hazy-indigo,womens-canvas-pacers-hazy-indigo,110.00,64.00,41.81818181818181
43,allbirds,Women's Wool Lounger Woven - Blue Hush (Natural White Sole),https://allbirds.com/products/womens-wool-lounger-woven-blue-hush,womens-wool-lounger-woven-blue-hush,110.00,64.00,41.81818181818181
44,allbirds,Women's Tree Runners - Lux Pink (Blizzard Sole),https://allbirds.com/products/womens-tree-runners-lux-pink,womens-tree-runners-lux-pink,105.00,84.00,20.0
45,allbirds,Men's Natural Run Tee - Natural Black,https://allbirds.com/products/mens-natural-run-tee-natural-black,mens-natural-run-tee-natural-black,58.00,29.00,50.0
46,allbirds,Men's Tree Dasher 2 - Natural Black (Buoyant Pink Sole),https://allbirds.com/products/mens-tree-dashers-natural-black-buoyant-pink,mens-tree-dashers-natural-black-buoyant-pink,135.00,79.00,41.48148148148148
47,allbirds,Women's Wool Breezers - Calm Cargo (Calm Cargo Sole),https://allbirds.com/products/womens-wool-breezers,womens-wool-breezers,105.00,64.00,39.04761904761905
48,allbirds,Men's Wool Loungers - Calm Cargo (Blizzard Sole),https://allbirds.com/products/mens-wool-loungers-calm-cargo,mens-wool-loungers-calm-cargo,105.00,94.00,10.476190476190476
49,allbirds,Women's Wool Runners - Calm Taupe (Calm Taupe Sole),https://allbirds.com/products/womens-wool-runners-calm-taupe,womens-wool-runners-calm-taupe,110.00,64.00,41.81818181818181
50,allbirds,Women's Wool Flyer Mizzles - Deep Emerald (Blizzard Sole),https://allbirds.com/products/womens-wool-flyer-mizzles-deep-emerald,womens-wool-flyer-mizzles-deep-emerald,170.00,154.00,9.411764705882353
51,allbirds,Women's Trail Runner SWT Mizzles - Calm Cargo (Forage Green Sole),https://allbirds.com/products/womens-trail-runner-swt-mizzles,womens-trail-runner-swt-mizzles,155.00,124.00,20.0
52,allbirds,Women's Wool Loungers - Calm Taupe (Blizzard Sole),https://allbirds.com/products/womens-wool-loungers-calm-taupe,womens-wool-loungers-calm-taupe,105.00,84.00,20.0
53,allbirds,Women's Tree Dasher 2 - Natural Black (Buoyant Pink Sole),https://allbirds.com/products/womens-tree-dashers-natural-black-buoyant-pink,womens-tree-dashers-natural-black-buoyant-pink,135.00,99.00,26.666666666666668
54,allbirds,Women's Tree Runners - Buoyant Pink (Blizzard Sole),https://allbirds.com/products/womens-tree-runners-buoyant-pink,womens-tree-runners-buoyant-pink,105.00,94.00,10.476190476190476
55,allbirds,Men's Trail Runners SWT - Calm Taupe (Calm Taupe Sole),https://allbirds.com/products/mens-trail-runners-swt-calm-taupe,mens-trail-runners-swt-calm-taupe,140.00,124.00,11.428571428571429
56,allbirds,Men's Tree Runners - Buoyant Pink (Blizzard Sole),https://allbirds.com/products/mens-tree-runners-buoyant-pink,mens-tree-runners-buoyant-pink,105.00,84.00,20.0
57,allbirds,Women's Trail Runners SWT - Calm Taupe (Calm Taupe Sole),https://allbirds.com/products/womens-trail-runners-swt-calm-taupe,womens-trail-runners-swt-calm-taupe,140.00,99.00,29.28571428571429
58,allbirds,Men's Wool Runner-up Mizzle Plus - Calm Cargo (Calm Cargo Sole),https://allbirds.com/products/mens-wool-runner-up-mizzle-plus-hazy-cargo,mens-wool-runner-up-mizzle-plus-hazy-cargo,165.00,149.00,9.696969696969697
59,allbirds,Men's Wool Flyer Mizzles - Deep Emerald (Blizzard Sole),https://allbirds.com/products/mens-wool-flyer-mizzles-deep-emerald,mens-wool-flyer-mizzles-deep-emerald,170.00,154.00,9.411764705882353
60,allbirds,Men's Trail Runner SWT Mizzles - Calm Cargo (Forage Green Sole),https://allbirds.com/products/mens-trail-runner-swt-mizzles,mens-trail-runner-swt-mizzles,155.00,124.00,20.0
61,allbirds,Women's Wool Runner-up Mizzle Plus - Calm Cargo (Calm Cargo Sole),https://allbirds.com/products/womens-wool-runner-up-mizzle-plus-calm-cargo,womens-wool-runner-up-mizzle-plus-calm-cargo,165.00,149.00,9.696969696969697
62,allbirds,Women's Wool Loungers - Calm Cargo (Blizzard Sole),https://allbirds.com/products/womens-wool-loungers-calm-cargo,womens-wool-loungers-calm-cargo,105.00,94.00,10.476190476190476
63,allbirds,Men's Wool Loungers - Calm Taupe (Blizzard Sole),https://allbirds.com/products/mens-wool-loungers-calm-taupe,mens-wool-loungers-calm-taupe,105.00,84.00,20.0
64,allbirds,Men's Wool Runners - Calm Taupe (Calm Taupe Sole),https://allbirds.com/products/mens-wool-runners-calm-taupe,mens-wool-runners-calm-taupe,110.00,64.00,41.81818181818181
65,allbirds,Women's Natural Run Tee - Natural Black,https://allbirds.com/products/womens-natural-run-tee-natural-black,womens-natural-run-tee-natural-black,58.00,29.00,50.0
66,allbirds,Women's Wool Pipers - Hazy Cocoa (Natural White Sole),https://allbirds.com/products/womens-wool-pipers-hazy-cocoa,womens-wool-pipers-hazy-cocoa,110.00,64.00,41.81818181818181
67,allbirds,Men's Wool Loungers - Hazy Cocoa (Natural White Sole),https://allbirds.com/products/mens-wool-loungers-hazy-cocoa,mens-wool-loungers-hazy-cocoa,105.00,64.00,39.04761904761905
68,allbirds,Women's Sea Tee - Classic Fit - Juniper,https://allbirds.com/products/womens-sea-tee-classic-fit,womens-sea-tee-classic-fit,48.00,29.00,39.58333333333333
69,allbirds,Wool Dwellers - Tartan Lux Orange,https://allbirds.com/products/wool-dwellers-tartan-lux-orange,wool-dwellers-tartan-lux-orange,65.00,39.00,40.0
70,allbirds,Women's Wool Loungers - Hazy Lime (Natural White Sole),https://allbirds.com/products/womens-wool-loungers-hazy-lime,womens-wool-loungers-hazy-lime,105.00,64.00,39.04761904761905
71,allbirds,Men's Wool Loungers - Hazy Lime (Natural White Sole),https://allbirds.com/products/mens-wool-loungers-hazy-lime,mens-wool-loungers-hazy-lime,105.00,64.00,39.04761904761905
72,allbirds,Men's Wool Runners - Natural Black (Thrive Teal Sole),https://allbirds.com/products/mens-wool-runners-natural-black-thrive-teal,mens-wool-runners-natural-black-thrive-teal,110.00,89.00,19.090909090909093
73,allbirds,Trino® Hiders - Malibu,https://allbirds.com/products/trino-hiders-malibu,trino-hiders-malibu,12.00,4.00,66.66666666666666
74,allbirds,Trino® Hiders - Ash,https://allbirds.com/products/trino-hiders-ash,trino-hiders-ash,12.00,9.00,25.0
75,allbirds,Trino® Hiders - Wheat,https://allbirds.com/products/trino-hiders-wheat,trino-hiders-wheat,12.00,4.00,66.66666666666666
76,allbirds,Women's Tree Dasher 2 - Lux Purple (Blizzard Sole),https://allbirds.com/products/womens-tree-dashers-lux-purple,womens-tree-dashers-lux-purple,135.00,94.00,30.37037037037037
77,allbirds,Women's Natural Run Long Sleeve Tee - Natural Black,https://allbirds.com/products/womens-natural-run-long-sleeve-tee,womens-natural-run-long-sleeve-tee,68.00,34.00,50.0
78,allbirds,Men's Natural Run Tee - True Navy,https://allbirds.com/products/mens-natural-run-tee,mens-natural-run-tee,58.00,29.00,50.0
79,allbirds,Women's Natural Run Form Tank - True Navy,https://allbirds.com/products/womens-natural-run-form-tank-true-navy,womens-natural-run-form-tank-true-navy,68.00,34.00,50.0
80,allbirds,Men's Sea Tee - Natural White,https://allbirds.com/products/mens-sea-tee,mens-sea-tee,48.00,29.00,39.58333333333333
81,allbirds,Women's Natural Run Form Tank - Natural Black,https://allbirds.com/products/womens-natural-run-form-tank,womens-natural-run-form-tank,68.00,34.00,50.0
82,allbirds,Women's Wool Runners - Hazy Cargo (Blizzard Sole),https://allbirds.com/products/womens-wool-runners-hazy-cargo,womens-wool-runners-hazy-cargo,110.00,74.00,32.72727272727273
83,allbirds,Women's Trino® Thong - Storm,https://allbirds.com/products/womens-trino-thong-storm,womens-trino-thong-storm,16.00,9.00,43.75
84,allbirds,Women's Trino® Thong - Raincloud,https://allbirds.com/products/womens-trino-thong-raincloud,womens-trino-thong-raincloud,16.00,9.00,43.75
85,allbirds,Men's Tree Runners - Lux Purple (Blizzard Sole),https://allbirds.com/products/mens-tree-runners-lux-purple,mens-tree-runners-lux-purple,105.00,64.00,39.04761904761905
86,allbirds,Women's Tree Loungers - Olympus (White Sole),https://allbirds.com/products/womens-tree-loungers-olympus,womens-tree-loungers-olympus,100.00,89.00,11.0
87,allbirds,Men's Sea Tee - Juniper,https://allbirds.com/products/mens-sea-tee-juniper,mens-sea-tee-juniper,48.00,29.00,39.58333333333333
88,allbirds,Men's Natural Run Tee - Natural White,https://allbirds.com/products/mens-natural-run-tee-natural-white,mens-natural-run-tee-natural-white,58.00,29.00,50.0
89,allbirds,Men's Natural Run Short - True Navy,https://allbirds.com/products/mens-natural-run-short-true-navy,mens-natural-run-short-true-navy,68.00,44.00,35.294117647058826
90,allbirds,Men's Natural Run Short - Medium Grey,https://allbirds.com/products/mens-natural-run-short-medium-grey,mens-natural-run-short-medium-grey,68.00,44.00,35.294117647058826
91,allbirds,Men's Natural Run Short - Natural Black,https://allbirds.com/products/mens-natural-run-short,mens-natural-run-short,68.00,44.00,35.294117647058826
92,allbirds,Men's Natural Run Short - Hazy Burgundy,https://allbirds.com/products/mens-natural-run-short-hazy-burgundy,mens-natural-run-short-hazy-burgundy,68.00,44.00,35.294117647058826
93,allbirds,Men's Natural Run Long Sleeve Tee - Natural White,https://allbirds.com/products/mens-natural-run-long-sleeve-tee,mens-natural-run-long-sleeve-tee,68.00,34.00,50.0
94,allbirds,Women's Tree Breezers - Lux Beige (Lux Camel Sole),https://allbirds.com/products/womens-tree-breezers-lux-beige,womens-tree-breezers-lux-beige,100.00,89.00,11.0
95,allbirds,Men's Natural Run Long Sleeve Tee - Natural Black,https://allbirds.com/products/mens-natural-run-long-sleeve-tee-natural-black,mens-natural-run-long-sleeve-tee-natural-black,68.00,34.00,50.0
96,allbirds,Women's Tree Breezers - Buoyant Orange (Lux Orange Sole),https://allbirds.com/products/womens-tree-breezers-buoyant-orange,womens-tree-breezers-buoyant-orange,100.00,89.00,11.0
97,allbirds,Women's Natural Run Tee - True Navy,https://allbirds.com/products/womens-natural-run-tee-navy-night,womens-natural-run-tee-navy-night,58.00,29.00,50.0
98,allbirds,Women's Natural Run Tee - Hazy Cargo,https://allbirds.com/products/womens-natural-run-tee-hazy-cargo,womens-natural-run-tee-hazy-cargo,58.00,29.00,50.0
99,allbirds,Women's Natural Run Tee - Natural White,https://allbirds.com/products/womens-natural-run-tee,womens-natural-run-tee,58.00,29.00,50.0
100,allbirds,Women's Natural Run Short - True Navy,https://allbirds.com/products/womens-natural-run-short-true-navy,womens-natural-run-short-true-navy,68.00,44.00,35.294117647058826
101,allbirds,Women's Natural Run Short - Natural Black,https://allbirds.com/products/womens-natural-run-short,womens-natural-run-short,68.00,44.00,35.294117647058826
102,allbirds,Women's Natural Run Short - Medium Grey,https://allbirds.com/products/womens-natural-run-short-medium-grey,womens-natural-run-short-medium-grey,68.00,44.00,35.294117647058826
103,allbirds,Men's Wool Performance Jogger - Hazy Cocoa,https://allbirds.com/products/mens-wool-performance-jogger-hazy-cocoa,mens-wool-performance-jogger-hazy-cocoa,118.00,84.00,28.8135593220339
104,allbirds,Men's Wool Performance Jogger - Natural Black,https://allbirds.com/products/mens-wool-performance-jogger-natural-black,mens-wool-performance-jogger-natural-black,118.00,99.00,16.101694915254235
105,allbirds,Men's Wool Performance Jogger - True Navy,https://allbirds.com/products/mens-wool-performance-jogger,mens-wool-performance-jogger,118.00,99.00,16.101694915254235
106,allbirds,Men's Performance Quarter Zip - True Navy,https://allbirds.com/products/mens-performance-quarter-zip-true-navy,mens-performance-quarter-zip-true-navy,98.00,84.00,14.285714285714285
107,allbirds,Men's Performance Quarter Zip - Natural Black,https://allbirds.com/products/mens-performance-quarter-zip,mens-performance-quarter-zip,98.00,84.00,14.285714285714285
108,allbirds,Men's R&R Sweatpant - Hazy Indigo,https://allbirds.com/products/mens-rr-sweatpant-hazy-indigo,mens-rr-sweatpant-hazy-indigo,98.00,84.00,14.285714285714285
109,allbirds,Women's Performance Quarter Zip - True Navy,https://allbirds.com/products/womens-performance-quarter-zip-true-navy,womens-performance-quarter-zip-true-navy,98.00,84.00,14.285714285714285
110,allbirds,Men's R&R Sweatpant - True Navy,https://allbirds.com/products/mens-rr-sweatpant-navy-night,mens-rr-sweatpant-navy-night,98.00,49.00,50.0
111,allbirds,Men's R&R Hoodie - True Navy,https://allbirds.com/products/mens-rr-hoodie-true-navy,mens-rr-hoodie-true-navy,118.00,104.00,11.864406779661017
112,allbirds,Men's R&R Sweatshirt - True Navy,https://allbirds.com/products/mens-rr-sweatshirt-true-navy,mens-rr-sweatshirt-true-navy,98.00,49.00,50.0
113,allbirds,Men's R&R Hoodie - Hazy Indigo,https://allbirds.com/products/mens-rr-hoodie-hazy-indigo,mens-rr-hoodie-hazy-indigo,118.00,104.00,11.864406779661017
114,allbirds,Men's Natural Run Tee - Thrive Yellow,https://allbirds.com/products/mens-natural-run-tee-thrive-yellow,mens-natural-run-tee-thrive-yellow,58.00,29.00,50.0
115,allbirds,Women's Wool Piper Mids - Heathered Black (White Sole),https://allbirds.com/products/womens-wool-piper-mids-heathered-black,womens-wool-piper-mids-heathered-black,120.00,94.00,21.666666666666668
116,allbirds,Women's Wool Piper Mids - Matterhorn (White Sole),https://allbirds.com/products/womens-wool-piper-mids,womens-wool-piper-mids,120.00,94.00,21.666666666666668
117,allbirds,Men's Wool Flyer Mizzles - Buoyant Pink (Blizzard Sole),https://allbirds.com/products/mens-wool-flyer-mizzles-buoyant-pink,mens-wool-flyer-mizzles-buoyant-pink,170.00,154.00,9.411764705882353
118,allbirds,Men's Wool Flyer Mizzles - Hazy Lime (Blizzard Sole),https://allbirds.com/products/mens-wool-flyer-mizzles-hazy-lime,mens-wool-flyer-mizzles-hazy-lime,170.00,154.00,9.411764705882353
119,allbirds,Men's Tree Loungers - Lux Purple (Blizzard Sole),https://allbirds.com/products/mens-tree-loungers-lux-purple,mens-tree-loungers-lux-purple,100.00,59.00,41.0
120,allbirds,Men's Wool Pipers - Hazy Mauve (Blizzard Sole),https://allbirds.com/products/mens-wool-pipers-hazy-mauve,mens-wool-pipers-hazy-mauve,110.00,64.00,41.81818181818181
121,allbirds,Men's Tree Pipers - Lux Pink (Blizzard Sole),https://allbirds.com/products/mens-tree-pipers-lux-pink,mens-tree-pipers-lux-pink,105.00,64.00,39.04761904761905
122,allbirds,Women's Tree Skippers - Lux Beige (Blizzard Sole),https://allbirds.com/products/womens-tree-skippers-lux-beige,womens-tree-skippers-lux-beige,100.00,79.00,21.0
123,allbirds,Women's Tree Skippers - Lux Purple (Blizzard Sole),https://allbirds.com/products/womens-tree-skippers-lux-purple,womens-tree-skippers-lux-purple,100.00,79.00,21.0
124,allbirds,Men's Tree Pipers - Clarity Blue (Blizzard Sole),https://allbirds.com/products/mens-tree-pipers-clarity-blue,mens-tree-pipers-clarity-blue,105.00,64.00,39.04761904761905
125,allbirds,Women's Tree Flyers - Thrive Yellow (Blizzard Sole),https://allbirds.com/products/womens-tree-flyers-thrive-yellow,womens-tree-flyers-thrive-yellow,160.00,59.00,63.125
126,allbirds,Men's Wool Loungers - Lux Purple (Blizzard Sole),https://allbirds.com/products/mens-wool-loungers-lux-purple,mens-wool-loungers-lux-purple,105.00,64.00,39.04761904761905
127,allbirds,Women's Tree Pipers - Buoyant Blue (Buoyant Blue Sole),https://allbirds.com/products/womens-tree-pipers-buoyant-blue,womens-tree-pipers-buoyant-blue,105.00,74.00,29.523809523809526
128,allbirds,Wool Dwellers - Buoyant Pink (Buoyant Pink Sole),https://allbirds.com/products/wool-dwellers-buoyant-pink,wool-dwellers-buoyant-pink,65.00,39.00,40.0
129,allbirds,Women's Wool Runners - Thrive Teal (Clarity Blue Sole),https://allbirds.com/products/womens-wool-runners-thrive-teal,womens-wool-runners-thrive-teal,110.00,64.00,41.81818181818181
130,allbirds,Women's Wool Runners - Lux Beige (Lux Beige Sole),https://allbirds.com/products/womens-wool-runners-lux-beige,womens-wool-runners-lux-beige,110.00,64.00,41.81818181818181
131,allbirds,Women's Wool Runner Mizzles - Thrive Teal (Thrive Teal Sole),https://allbirds.com/products/womens-wool-runner-mizzles-thrive-teal,womens-wool-runner-mizzles-thrive-teal,125.00,74.00,40.8
132,allbirds,Women's Wool Runner Mizzles - Buoyant Pink (Buoyant Pink Sole),https://allbirds.com/products/womens-wool-runner-mizzles-buoyant-pink,womens-wool-runner-mizzles-buoyant-pink,125.00,74.00,40.8
133,allbirds,Women's Wool Piper Mids - Ursa Major (White Sole),https://allbirds.com/products/womens-wool-piper-mids-ursa-major,womens-wool-piper-mids-ursa-major,120.00,69.00,42.5
134,allbirds,Women's Wool Performance Jogger - Purple Hush,https://allbirds.com/products/womens-wool-performance-jogger-purple-hush,womens-wool-performance-jogger-purple-hush,118.00,84.00,28.8135593220339
135,allbirds,Women's Wool Performance Jogger - True Navy,https://allbirds.com/products/womens-wool-performance-jogger,womens-wool-performance-jogger,118.00,99.00,16.101694915254235
136,allbirds,Women's Wool Performance Jogger - Green Hush,https://allbirds.com/products/womens-wool-performance-jogger-green-hush,womens-wool-performance-jogger-green-hush,118.00,84.00,28.8135593220339
137,allbirds,Women's Wool Loungers - Lux Beige (Lux Beige Sole),https://allbirds.com/products/womens-wool-loungers-lux-beige,womens-wool-loungers-lux-beige,105.00,64.00,39.04761904761905
138,allbirds,Women's Fluff Fleece Pant - Hazy Lime (Hazy Beige),https://allbirds.com/products/womens-fluff-fleece-pant,womens-fluff-fleece-pant,128.00,74.00,42.1875
139,allbirds,The Cap - Midnight,https://allbirds.com/products/the-cap,the-cap,48.00,39.00,18.75
140,allbirds,Sugar Sliders - Natural Black,https://allbirds.com/products/sugar-sliders,sugar-sliders,50.00,35.00,30.0
141,allbirds,Sugar Sliders - Blizzard,https://allbirds.com/products/sugar-sliders-blizzard,sugar-sliders-blizzard,50.00,35.00,30.0
142,allbirds,Men's Wool Runner-up Mizzles - Deep Emerald (Deep Emerald Sole),https://allbirds.com/products/mens-wool-runner-up-mizzles-deep-emerald,mens-wool-runner-up-mizzles-deep-emerald,145.00,84.00,42.06896551724138
143,allbirds,Men's Wool Runners - Lux Beige (Lux Beige Sole),https://allbirds.com/products/mens-wool-runners-lux-beige,mens-wool-runners-lux-beige,110.00,64.00,41.81818181818181
144,allbirds,Women's Wool Flyer Mizzles - Hazy Lime (Blizzard Sole),https://allbirds.com/products/womens-wool-flyer-mizzles-hazy-lime,womens-wool-flyer-mizzles-hazy-lime,170.00,154.00,9.411764705882353
145,allbirds,Women's Wool Flyer Mizzles - Buoyant Pink (Blizzard Sole),https://allbirds.com/products/womens-wool-flyer-mizzles-buoyant-pink,womens-wool-flyer-mizzles-buoyant-pink,170.00,154.00,9.411764705882353
146,allbirds,Men's Wool Runners - Hazy Cargo (Blizzard Sole),https://allbirds.com/products/mens-wool-runners-hazy-cargo,mens-wool-runners-hazy-cargo,110.00,74.00,32.72727272727273
147,allbirds,Men's Wool Runner Mizzles - Thrive Teal (Thrive Teal Sole),https://allbirds.com/products/mens-wool-runner-mizzles-thrive-teal,mens-wool-runner-mizzles-thrive-teal,125.00,74.00,40.8
148,allbirds,Men's Wool Runner Mizzles - Buoyant Pink (Buoyant Pink Sole),https://allbirds.com/products/mens-wool-runner-mizzles-buoyant-pink,mens-wool-runner-mizzles-buoyant-pink,125.00,74.00,40.8
149,allbirds,Men's Wool Loungers - Lux Beige (Lux Beige Sole),https://allbirds.com/products/mens-wool-loungers-lux-beige,mens-wool-loungers-lux-beige,105.00,64.00,39.04761904761905
150,allbirds,Men's Wool Loungers - Hazy Mauve (Natural White Sole),https://allbirds.com/products/mens-wool-loungers-hazy-mauve,mens-wool-loungers-hazy-mauve,105.00,64.00,39.04761904761905
151,allbirds,Women's Tree Pipers - Lux Purple (Blizzard Sole),https://allbirds.com/products/womens-tree-pipers-lux-purple,womens-tree-pipers-lux-purple,105.00,64.00,39.04761904761905
152,allbirds,Women's Tree Flyers - Natural Black (Blizzard Sole),https://allbirds.com/products/womens-tree-flyers,womens-tree-flyers,160.00,89.00,44.375
153,allbirds,Women's Tree Flyers - Buoyant Orange (Blizzard Sole),https://allbirds.com/products/womens-tree-flyers-buoyant-orange,womens-tree-flyers-buoyant-orange,160.00,59.00,63.125
154,allbirds,Women's Tree Flyers - Buoyant Yellow (Blizzard Sole),https://allbirds.com/products/womens-tree-flyers-buoyant-yellow,womens-tree-flyers-buoyant-yellow,160.00,59.00,63.125
155,allbirds,Women's Tree Flyers - Lux Beige (Blizzard Sole),https://allbirds.com/products/womens-tree-flyers-lux-beige,womens-tree-flyers-lux-beige,160.00,89.00,44.375
156,allbirds,Men's Tree Skippers - Lux Purple (Blizzard Sole),https://allbirds.com/products/mens-tree-skippers-lux-purple,mens-tree-skippers-lux-purple,100.00,79.00,21.0
157,allbirds,Men's Tree Skippers - Lux Beige (Blizzard Sole),https://allbirds.com/products/mens-tree-skippers-lux-beige,mens-tree-skippers-lux-beige,100.00,79.00,21.0
158,allbirds,Women's Tree Dasher 2 - Rad Rust (Blizzard Sole),https://allbirds.com/products/womens-tree-dashers-rad-rust,womens-tree-dashers-rad-rust,135.00,79.00,41.48148148148148
159,allbirds,Women's Tree Dasher 2 - Buoyant Pink (Blizzard Sole),https://allbirds.com/products/womens-tree-dashers-buoyant-pink,womens-tree-dashers-buoyant-pink,135.00,79.00,41.48148148148148
160,allbirds,Women's Tree Dasher 2 - Buoyant Yellow (Buoyant Yellow Sole),https://allbirds.com/products/womens-tree-dashers-buoyant-yellow,womens-tree-dashers-buoyant-yellow,135.00,79.00,41.48148148148148
161,allbirds,Women's Tree Dasher 2 - Buoyant Blue (Blizzard Sole),https://allbirds.com/products/womens-tree-dashers-buoyant-blue,womens-tree-dashers-buoyant-blue,135.00,94.00,30.37037037037037
162,allbirds,Men's Tree Runners - Lux Pink (Blizzard Sole),https://allbirds.com/products/mens-tree-runners-lux-pink,mens-tree-runners-lux-pink,105.00,64.00,39.04761904761905
163,allbirds,Men's Tree Pipers - Dreamy Green (Cream Hush Sole),https://allbirds.com/products/mens-tree-pipers-dreamy-green,mens-tree-pipers-dreamy-green,105.00,64.00,39.04761904761905
164,allbirds,Men's Tree Pipers - Lux Purple (Blizzard Sole),https://allbirds.com/products/mens-tree-pipers-lux-purple,mens-tree-pipers-lux-purple,105.00,64.00,39.04761904761905
165,allbirds,Men's Tree Pipers - Lux Honey (Blizzard Sole),https://allbirds.com/products/mens-tree-pipers-lux-honey,mens-tree-pipers-lux-honey,105.00,74.00,29.523809523809526
166,allbirds,Men's Tree Flyers - Lux Pink (Blizzard Sole),https://allbirds.com/products/mens-tree-flyers-lux-pink,mens-tree-flyers-lux-pink,160.00,59.00,63.125
167,allbirds,Men's Tree Flyers - Natural Black (Blizzard Sole),https://allbirds.com/products/mens-tree-flyers,mens-tree-flyers,160.00,89.00,44.375
168,allbirds,Men's Tree Flyers - Lux Beige (Blizzard Sole),https://allbirds.com/products/mens-tree-flyers-lux-beige,mens-tree-flyers-lux-beige,160.00,89.00,44.375
169,allbirds,Men's Tree Flyers - Blizzard (Blizzard Sole),https://allbirds.com/products/mens-tree-flyers-blizzard,mens-tree-flyers-blizzard,160.00,89.00,44.375
170,allbirds,Men's Tree Dasher 2 - Lux Purple (Blizzard Sole),https://allbirds.com/products/mens-tree-dashers-lux-purple,mens-tree-dashers-lux-purple,135.00,79.00,41.48148148148148
171,allbirds,Men's Tree Dasher 2 - Buoyant Blue (Blizzard Sole),https://allbirds.com/products/mens-tree-dashers-buoyant-blue,mens-tree-dashers-buoyant-blue,135.00,119.00,11.851851851851853
172,allbirds,Women's R&R Sweatshirt - True Navy,https://allbirds.com/products/womens-rr-sweatshirt-true-navy,womens-rr-sweatshirt-true-navy,98.00,49.00,50.0
173,allbirds,Women's R&R Sweatshirt - Hazy Indigo,https://allbirds.com/products/womens-rr-sweatshirt-hazy-indigo,womens-rr-sweatshirt-hazy-indigo,98.00,84.00,14.285714285714285
174,allbirds,Women's R&R Sweatshirt - Hazy Beige,https://allbirds.com/products/womens-rr-sweatshirt-hazy-beige,womens-rr-sweatshirt-hazy-beige,98.00,49.00,50.0
175,allbirds,Women's R&R Sweatpant - True Navy,https://allbirds.com/products/womens-rr-sweatpant-true-navy,womens-rr-sweatpant-true-navy,98.00,49.00,50.0
176,allbirds,Women's R&R Sweatpant - Hazy Indigo,https://allbirds.com/products/womens-rr-sweatpant-hazy-indigo,womens-rr-sweatpant-hazy-indigo,98.00,84.00,14.285714285714285
177,allbirds,Women's R&R Sweatpant - Hazy Beige,https://allbirds.com/products/womens-rr-sweatpant-hazy-beige,womens-rr-sweatpant-hazy-beige,98.00,49.00,50.0
178,allbirds,Women's R&R Hoodie - Hazy Indigo,https://allbirds.com/products/womens-rr-hoodie-hazy-indigo,womens-rr-hoodie-hazy-indigo,118.00,104.00,11.864406779661017
179,allbirds,Women's R&R Hoodie - True Navy,https://allbirds.com/products/womens-rr-hoodie-true-navy,womens-rr-hoodie-true-navy,118.00,69.00,41.52542372881356
180,allbirds,Women's R&R Hoodie - Hazy Beige,https://allbirds.com/products/womens-rr-hoodie-hazy-beige,womens-rr-hoodie-hazy-beige,118.00,69.00,41.52542372881356
181,allbirds,Men's Trail Runners SWT - Natural Black (Buoyant Orange Sole),https://allbirds.com/products/mens-trail-runners-swt-natural-black-buoyant-orange,mens-trail-runners-swt-natural-black-buoyant-orange,140.00,109.00,22.142857142857142
182,allbirds,Women's Performance Quarter Zip - Purple Hush,https://allbirds.com/products/womens-performance-quarter-zip-purple-hush,womens-performance-quarter-zip-purple-hush,98.00,69.00,29.591836734693878
183,allbirds,Men's R&R Sweatshirt - Hazy Indigo,https://allbirds.com/products/mens-rr-sweatshirt-hazy-indigo,mens-rr-sweatshirt-hazy-indigo,98.00,84.00,14.285714285714285
184,allbirds,Women's Performance Quarter Zip - Green Hush,https://allbirds.com/products/womens-performance-quarter-zip-green-hush,womens-performance-quarter-zip-green-hush,98.00,69.00,29.591836734693878
185,allbirds,Women's Performance Quarter Zip - Natural Black,https://allbirds.com/products/womens-performance-quarter-zip,womens-performance-quarter-zip,98.00,84.00,14.285714285714285
186,allbirds,Men's R&R Sweatshirt - Hazy Beige,https://allbirds.com/products/mens-rr-sweatshirt-hazy-beige,mens-rr-sweatshirt-hazy-beige,98.00,49.00,50.0
187,allbirds,Men's R&R Sweatpant - Hazy Beige,https://allbirds.com/products/mens-rr-sweatpant-hazy-beige,mens-rr-sweatpant-hazy-beige,98.00,49.00,50.0
188,allbirds,Men's R&R Hoodie - Hazy Beige,https://allbirds.com/products/mens-rr-hoodie-hazy-beige,mens-rr-hoodie-hazy-beige,118.00,69.00,41.52542372881356
189,allbirds,Men's Performance Quarter Zip - Hazy Cocoa,https://allbirds.com/products/mens-performance-quarter-zip-hazy-cocoa,mens-performance-quarter-zip-hazy-cocoa,98.00,69.00,29.591836734693878
190,allbirds,Men's Natural Run Tee - Hazy Cargo,https://allbirds.com/products/mens-natural-run-tee-hazy-cargo,mens-natural-run-tee-hazy-cargo,58.00,29.00,50.0
191,allbirds,Men's Fluff Fleece Pullover - Hazy Lime (Hazy Beige),https://allbirds.com/products/mens-fluff-fleece-pullover,mens-fluff-fleece-pullover,128.00,74.00,42.1875
192,allbirds,Men's Fluff Fleece Pant - Hazy Lime (Hazy Beige),https://allbirds.com/products/mens-fluff-fleece-pant,mens-fluff-fleece-pant,128.00,74.00,42.1875
193,allbirds,Women's Fluff Fleece Pullover - Hazy Lime (Hazy Beige),https://allbirds.com/products/womens-fluff-fleece-pullover,womens-fluff-fleece-pullover,128.00,74.00,42.1875
194,allbirds,Lightweight Performance Cap - Natural Black,https://allbirds.com/products/lightweight-performance-cap,lightweight-performance-cap,38.00,24.00,36.84210526315789
195,allbirds,Lightweight Performance Cap - Medium Grey,https://allbirds.com/products/lightweight-performance-cap-medium-grey,lightweight-performance-cap-medium-grey,38.00,24.00,36.84210526315789
196,allbirds,Trino® Cozy Crew - Hazy Waterfall,https://allbirds.com/products/trino-cozy-crew,trino-cozy-crew,24.00,14.00,41.66666666666667
197,allbirds,Women's Wool Pipers - Buoyant Mint (Blizzard Sole),https://allbirds.com/products/womens-wool-pipers-buoyant-mint,womens-wool-pipers-buoyant-mint,110.00,64.00,41.81818181818181
198,allbirds,Women's Wool Runners - Buoyant Mint (Blizzard Sole),https://allbirds.com/products/womens-wool-runners-buoyant-mint,womens-wool-runners-buoyant-mint,110.00,64.00,41.81818181818181
199,allbirds,Men's Wool Pipers - Buoyant Mint (Blizzard Sole),https://allbirds.com/products/mens-wool-pipers-buoyant-mint,mens-wool-pipers-buoyant-mint,110.00,64.00,41.81818181818181
200,allbirds,Men's Wool Runners - Buoyant Mint (Blizzard Sole),https://allbirds.com/products/mens-wool-runners-buoyant-mint,mens-wool-runners-buoyant-mint,110.00,64.00,41.81818181818181
201,allbirds,Women's Wool Piper Woven - Hazy Indigo (Blizzard Sole),https://allbirds.com/products/womens-wool-piper-woven-hazy-indigo,womens-wool-piper-woven-hazy-indigo,115.00,79.00,31.30434782608696
202,allbirds,Men's Wool Piper Woven - Hazy Indigo (Blizzard Sole),https://allbirds.com/products/mens-wool-piper-woven,mens-wool-piper-woven,115.00,79.00,31.30434782608696
203,allbirds,Women's Wool Breezers - Buoyant Pink (Buoyant Pink Sole),https://allbirds.com/products/womens-wool-breezers-buoyant-pink,womens-wool-breezers-buoyant-pink,105.00,64.00,39.04761904761905
204,allbirds,Men's Trail Runner SWT Mizzles - Thrive Teal (Thrive Teal Sole),https://allbirds.com/products/mens-trail-runner-swt-mizzles-thrive-teal,mens-trail-runner-swt-mizzles-thrive-teal,155.00,109.00,29.677419354838708
205,allbirds,Men's Wool Flyer Mizzles - Hazy Indigo (Blizzard Sole),https://allbirds.com/products/mens-wool-flyer-mizzles,mens-wool-flyer-mizzles,170.00,154.00,9.411764705882353
206,allbirds,Women's Wool Flyer Mizzles - Hazy Indigo (Blizzard Sole),https://allbirds.com/products/womens-wool-flyer-mizzles,womens-wool-flyer-mizzles,170.00,154.00,9.411764705882353
207,allbirds,Women's Trail Runner SWT Mizzles - Buoyant Pink (Buoyant Pink Sole),https://allbirds.com/products/womens-trail-runner-swt-mizzles-buoyant-pink,womens-trail-runner-swt-mizzles-buoyant-pink,155.00,109.00,29.677419354838708
208,allbirds,Women's Trail Runner SWT Mizzles - Thrive Teal (Thrive Teal Sole),https://allbirds.com/products/womens-trail-runner-swt-mizzles-thrive-teal,womens-trail-runner-swt-mizzles-thrive-teal,155.00,109.00,29.677419354838708
209,allbirds,Men's Tree Dasher Relay - Natural Black (Buoyant Mint Sole),https://allbirds.com/products/mens-tree-dasher-relay-natural-black-buoyant-mint,mens-tree-dasher-relay-natural-black-buoyant-mint,135.00,119.00,11.851851851851853
210,allbirds,Women's Tree Flyers - Silver Fern (Blizzard Sole),https://allbirds.com/products/womens-tree-flyers-silver-fern,womens-tree-flyers-silver-fern,160.00,89.00,44.375
211,allbirds,Men's Tree Flyers - Silver Fern (Blizzard Sole),https://allbirds.com/products/mens-tree-flyers-silver-fern,mens-tree-flyers-silver-fern,160.00,89.00,44.375
212,allbirds,Men's Trail Runners SWT - Deep Emerald (Buoyant Mint Sole),https://allbirds.com/products/mens-trail-runners-swt-deep-emerald,mens-trail-runners-swt-deep-emerald,140.00,109.00,22.142857142857142
213,allbirds,Women's Tree Flyers - Thrive Teal (Blizzard Sole),https://allbirds.com/products/womens-tree-flyers-thrive-teal,womens-tree-flyers-thrive-teal,160.00,59.00,63.125
214,allbirds,Women's Trail Runners SWT - Deep Emerald (Buoyant Mint Sole),https://allbirds.com/products/womens-trail-runners-swt-deep-emerald,womens-trail-runners-swt-deep-emerald,140.00,124.00,11.428571428571429
215,allbirds,Men's Tree Flyers - Thrive Teal (Blizzard Sole),https://allbirds.com/products/mens-tree-flyers-thrive-teal,mens-tree-flyers-thrive-teal,160.00,59.00,63.125
216,allbirds,Women's Tree Dasher 2 - Natural Black (Buoyant Mint Sole),https://allbirds.com/products/womens-tree-dashers-natural-black-buoyant-mint,womens-tree-dashers-natural-black-buoyant-mint,135.00,99.00,26.666666666666668
217,allbirds,Women's Tree Dasher 2 - Clarity Pink (Clarity Pink Sole),https://allbirds.com/products/womens-tree-dashers-clarity-pink,womens-tree-dashers-clarity-pink,135.00,119.00,11.851851851851853
218,allbirds,Men's Tree Dasher 2 - Clarity Pink (Clarity Pink Sole),https://allbirds.com/products/mens-tree-dashers-clarity-pink,mens-tree-dashers-clarity-pink,135.00,79.00,41.48148148148148
219,allbirds,Women's Wool Dasher Mizzles - Buoyant Mint (Buoyant Mint Sole),https://allbirds.com/products/womens-wool-dasher-mizzles-buoyant-mint,womens-wool-dasher-mizzles-buoyant-mint,145.00,109.00,24.82758620689655
220,allbirds,Men's Wool Dasher Mizzles - Buoyant Mint (Buoyant Mint Sole),https://allbirds.com/products/mens-wool-dasher-mizzles-buoyant-mint,mens-wool-dasher-mizzles-buoyant-mint,145.00,109.00,24.82758620689655
221,allbirds,Women's Wool Dasher Mizzles - Thrive Teal (Thrive Teal Sole),https://allbirds.com/products/womens-wool-dasher-mizzles-thrive-teal,womens-wool-dasher-mizzles-thrive-teal,145.00,99.00,31.724137931034484
222,allbirds,Men's Wool Dasher Mizzles - Thrive Teal (Thrive Teal Sole),https://allbirds.com/products/mens-wool-dasher-mizzles-thrive-teal,mens-wool-dasher-mizzles-thrive-teal,145.00,99.00,31.724137931034484
223,allbirds,Women's Tree Loungers - Deep Emerald (Blizzard Sole),https://allbirds.com/products/womens-tree-loungers-deep-emerald,womens-tree-loungers-deep-emerald,100.00,79.00,21.0
224,allbirds,Women's Tree Runners - Deep Emerald (Blizzard Sole),https://allbirds.com/products/womens-tree-runners-deep-emerald,womens-tree-runners-deep-emerald,105.00,94.00,10.476190476190476
225,allbirds,Men's Tree Loungers - Deep Emerald (Blizzard Sole),https://allbirds.com/products/mens-tree-loungers-deep-emerald,mens-tree-loungers-deep-emerald,100.00,79.00,21.0
226,allbirds,Men's Tree Loungers - Buoyant Pink (Blizzard Sole),https://allbirds.com/products/mens-tree-loungers-buoyant-pink,mens-tree-loungers-buoyant-pink,100.00,59.00,41.0
227,allbirds,Men's Tree Pipers - Deep Emerald (Blizzard Sole),https://allbirds.com/products/mens-tree-pipers-deep-emerald,mens-tree-pipers-deep-emerald,105.00,74.00,29.523809523809526
228,allbirds,Women's Tree Loungers - Buoyant Pink (Blizzard Sole),https://allbirds.com/products/womens-tree-loungers-buoyant-pink,womens-tree-loungers-buoyant-pink,100.00,59.00,41.0
229,allbirds,Women's Tree Pipers - Deep Emerald (Blizzard Sole),https://allbirds.com/products/womens-tree-pipers-deep-emerald,womens-tree-pipers-deep-emerald,105.00,74.00,29.523809523809526
230,allbirds,Women's Tree Breezers - Deep Emerald (Deep Emerald Sole),https://allbirds.com/products/womens-tree-breezers-deep-emerald,womens-tree-breezers-deep-emerald,100.00,89.00,11.0
231,allbirds,Women's Canvas Pacers - Natural Black (Blizzard Sole),https://allbirds.com/products/womens-canvas-pacers,womens-canvas-pacers,110.00,64.00,41.81818181818181
232,allbirds,Women's Canvas Pacers - Hazy Beige (Blizzard Sole),https://allbirds.com/products/womens-canvas-pacers-hazy-beige,womens-canvas-pacers-hazy-beige,110.00,64.00,41.81818181818181
233,allbirds,Men's Canvas Pacers - Thrive Teal (Clarity Blue Sole),https://allbirds.com/products/mens-canvas-pacers-thrive-teal,mens-canvas-pacers-thrive-teal,110.00,64.00,41.81818181818181
234,allbirds,Men's Plant Pacers - Dreamy Green (Blizzard Sole),https://allbirds.com/products/mens-plant-pacers-dreamy-green,mens-plant-pacers-dreamy-green,135.00,79.00,41.48148148148148
235,allbirds,Men's Canvas Pacers - Hazy Beige (Blizzard Sole),https://allbirds.com/products/mens-canvas-pacers-hazy-beige,mens-canvas-pacers-hazy-beige,110.00,64.00,41.81818181818181
236,allbirds,Women's Plant Pacers - Dreamy Green (Blizzard Sole),https://allbirds.com/products/womens-plant-pacers-dreamy-green,womens-plant-pacers-dreamy-green,135.00,79.00,41.48148148148148
237,allbirds,Women's Plant Pacers - Natural White (Blizzard Sole),https://allbirds.com/products/womens-plant-pacers,womens-plant-pacers,135.00,79.00,41.48148148148148
238,allbirds,Men's Plant Pacers - Natural White (Blizzard Sole),https://allbirds.com/products/mens-plant-pacers,mens-plant-pacers,135.00,79.00,41.48148148148148
239,allbirds,Women's Canvas Pacers - Thrive Teal (Clarity Blue Sole),https://allbirds.com/products/womens-canvas-pacers-thrive-teal,womens-canvas-pacers-thrive-teal,110.00,64.00,41.81818181818181
240,allbirds,Women's Canvas Pacers - Natural White (Blizzard Sole),https://allbirds.com/products/womens-canvas-pacers-natural-white,womens-canvas-pacers-natural-white,110.00,64.00,41.81818181818181
241,allbirds,Men's Canvas Pacers - Natural Black (Blizzard Sole),https://allbirds.com/products/mens-canvas-pacers,mens-canvas-pacers,110.00,64.00,41.81818181818181
242,allbirds,Men's Canvas Pacers - Natural White (Blizzard Sole),https://allbirds.com/products/mens-canvas-pacers-natural-white,mens-canvas-pacers-natural-white,110.00,64.00,41.81818181818181
243,allbirds,Women's Trail Runners SWT - Hazy Beige/Lux Purple,https://allbirds.com/products/womens-trail-runners-swt-hazy-beige-lux-purple,womens-trail-runners-swt-hazy-beige-lux-purple,140.00,84.00,40.0
244,allbirds,Men's Trail Runners SWT - Hazy Beige/Lux Purple,https://allbirds.com/products/mens-trail-runners-swt-hazy-beige-lux-purple,mens-trail-runners-swt-hazy-beige-lux-purple,140.00,84.00,40.0
245,allbirds,Women's Wool Loungers - Lux Purple (Blizzard Sole),https://allbirds.com/products/womens-wool-loungers-lux-purple,womens-wool-loungers-lux-purple,105.00,64.00,39.04761904761905
246,allbirds,Men's R&R Hoodie - Hazy Cargo,https://allbirds.com/products/mens-rr-hoodie-hazy-cargo,mens-rr-hoodie-hazy-cargo,118.00,69.00,41.52542372881356
247,allbirds,Men's R&R Sweatpant - Hazy Cargo,https://allbirds.com/products/mens-rr-sweatpant-hazy-cargo,mens-rr-sweatpant-hazy-cargo,98.00,49.00,50.0
248,allbirds,Women's R&R Sweatshirt - Hazy Cargo,https://allbirds.com/products/womens-rr-sweatshirt-hazy-cargo,womens-rr-sweatshirt-hazy-cargo,98.00,49.00,50.0
249,allbirds,Women's R&R Hoodie - Hazy Cargo,https://allbirds.com/products/womens-rr-hoodie-hazy-cargo,womens-rr-hoodie-hazy-cargo,118.00,69.00,41.52542372881356
250,allbirds,Women's Wool Piper Woven - Lux Camel (Blizzard Sole),https://allbirds.com/products/womens-wool-piper-woven-lux-camel,womens-wool-piper-woven-lux-camel,115.00,69.00,40.0
251,allbirds,Women's Wool Lounger Woven - Natural White (Blizzard Sole),https://allbirds.com/products/womens-wool-lounger-woven-natural-white,womens-wool-lounger-woven-natural-white,110.00,64.00,41.81818181818181
252,allbirds,Men's R&R Sweatshirt - Hazy Cargo,https://allbirds.com/products/mens-rr-sweatshirt-hazy-cargo,mens-rr-sweatshirt-hazy-cargo,98.00,49.00,50.0
253,allbirds,Women's R&R Sweatpant - Hazy Cargo,https://allbirds.com/products/womens-rr-sweatpant-hazy-cargo,womens-rr-sweatpant-hazy-cargo,98.00,49.00,50.0
254,allbirds,Women's Wool Piper Woven - Pewter Grey (Blizzard Sole),https://allbirds.com/products/womens-wool-piper-woven-pewter-grey,womens-wool-piper-woven-pewter-grey,115.00,79.00,31.30434782608696
255,allbirds,Men's Wool Lounger Woven - Blue Hush (Natural White Sole),https://allbirds.com/products/mens-wool-lounger-woven-blue-hush,mens-wool-lounger-woven-blue-hush,110.00,64.00,41.81818181818181
256,allbirds,Men's Wool Lounger Woven - Pewter Grey (Blizzard Sole),https://allbirds.com/products/mens-wool-lounger-woven-pewter-grey,mens-wool-lounger-woven-pewter-grey,110.00,64.00,41.81818181818181
257,allbirds,Men's Wool Piper Woven - Blue Hush (Clarity Blue Sole),https://allbirds.com/products/mens-wool-piper-woven-blue-hush,mens-wool-piper-woven-blue-hush,115.00,69.00,40.0
258,allbirds,Women's Wool Piper Woven - Natural Black (Natural White Sole),https://allbirds.com/products/womens-wool-piper-woven-natural-black,womens-wool-piper-woven-natural-black,115.00,79.00,31.30434782608696
259,allbirds,Men's Wool Lounger Woven - Natural Black (Natural White Sole),https://allbirds.com/products/mens-wool-lounger-woven,mens-wool-lounger-woven,110.00,64.00,41.81818181818181
260,allbirds,Women's Wool Lounger Woven - Natural Black (Natural White Sole),https://allbirds.com/products/womens-wool-lounger-woven,womens-wool-lounger-woven,110.00,64.00,41.81818181818181
261,allbirds,Women's Wool Lounger Woven - Pewter Grey (Blizzard Sole),https://allbirds.com/products/womens-wool-lounger-woven-pewter-grey,womens-wool-lounger-woven-pewter-grey,110.00,64.00,41.81818181818181
262,allbirds,Women's Wool Piper Woven - Natural White (Natural White Sole),https://allbirds.com/products/womens-wool-piper-woven,womens-wool-piper-woven,115.00,79.00,31.30434782608696
263,allbirds,Women's Wool Piper Woven - Blue Hush (Clarity Blue Sole),https://allbirds.com/products/womens-wool-piper-woven-blue-hush,womens-wool-piper-woven-blue-hush,115.00,69.00,40.0
264,allbirds,Women's Tree Breezers - Lux Pink (Lux Pink Sole),https://allbirds.com/products/womens-tree-breezers-lux-pink,womens-tree-breezers-lux-pink,100.00,89.00,11.0
265,allbirds,Men's Wool Lounger Woven - Natural White (Blizzard Sole),https://allbirds.com/products/mens-wool-lounger-woven-natural-white,mens-wool-lounger-woven-natural-white,110.00,64.00,41.81818181818181
266,allbirds,Men's Wool Loungers - Hazy Burgundy (Natural White Sole),https://allbirds.com/products/mens-wool-loungers-hazy-burgundy,mens-wool-loungers-hazy-burgundy,105.00,74.00,29.523809523809526
267,allbirds,Women's Tree Breezers - Lux Purple (Buoyant Pink Sole),https://allbirds.com/products/womens-tree-breezers-lux-purple-buoyant-pink,womens-tree-breezers-lux-purple-buoyant-pink,100.00,89.00,11.0
268,allbirds,Women's Tree Dasher Relay - Natural Black (Buoyant Mint Sole),https://allbirds.com/products/womens-tree-dasher-relay-natural-black-buoyant-mint,womens-tree-dasher-relay-natural-black-buoyant-mint,135.00,119.00,11.851851851851853
269,allbirds,Women's Tree Dasher Relay - Hazy Beige (Buoyant Pink Sole),https://allbirds.com/products/womens-tree-dasher-relay-hazy-beige,womens-tree-dasher-relay-hazy-beige,135.00,99.00,26.666666666666668
270,allbirds,Women's Tree Breezers - Thrive Yellow (Thrive Yellow Sole),https://allbirds.com/products/womens-tree-breezers-thrive-yellow,womens-tree-breezers-thrive-yellow,100.00,89.00,11.0
271,allbirds,Men's Tree Loungers - Lux Pink (Blizzard Sole),https://allbirds.com/products/mens-tree-loungers-lux-pink,mens-tree-loungers-lux-pink,100.00,59.00,41.0
272,allbirds,Women's Tree Loungers - Lux Pink (Blizzard Sole),https://allbirds.com/products/womens-tree-loungers-lux-pink,womens-tree-loungers-lux-pink,100.00,79.00,21.0
273,allbirds,Men's Tree Pipers - Hazy Cargo (Blizzard Sole),https://allbirds.com/products/mens-tree-pipers-hazy-cargo,mens-tree-pipers-hazy-cargo,105.00,94.00,10.476190476190476
274,allbirds,Women's Wool Pipers - Clarity Blue (Clarity Blue Sole),https://allbirds.com/products/womens-wool-pipers-clarity-blue,womens-wool-pipers-clarity-blue,110.00,74.00,32.72727272727273
275,allbirds,Women's R&R Sweat Short - Natural White,https://allbirds.com/products/womens-rr-sweat-short-natural-white,womens-rr-sweat-short-natural-white,68.00,59.00,13.23529411764706
276,allbirds,Women's R&R Sweat Short - Natural Black,https://allbirds.com/products/womens-rr-sweat-short,womens-rr-sweat-short,68.00,59.00,13.23529411764706
277,allbirds,Men's R&R Sweat Short - Natural Black,https://allbirds.com/products/mens-rr-sweat-short,mens-rr-sweat-short,68.00,59.00,13.23529411764706
278,allbirds,Men's R&R Sweat Short - Natural White,https://allbirds.com/products/mens-rr-sweat-short-natural-white,mens-rr-sweat-short-natural-white,68.00,59.00,13.23529411764706
279,allbirds,Women's R&R Hoodie - Hazy Sienna,https://allbirds.com/products/womens-rr-hoodie-hazy-sienna,womens-rr-hoodie-hazy-sienna,118.00,69.00,41.52542372881356
280,allbirds,Men's R&R Hoodie - Natural Black,https://allbirds.com/products/mens-rr-hoodie,mens-rr-hoodie,118.00,104.00,11.864406779661017
281,allbirds,Women's R&R Hoodie - Natural Black,https://allbirds.com/products/womens-rr-hoodie,womens-rr-hoodie,118.00,104.00,11.864406779661017
282,allbirds,Women's R&R Sweatpant - Natural Black,https://allbirds.com/products/womens-rr-sweatpant,womens-rr-sweatpant,98.00,84.00,14.285714285714285
283,allbirds,Men's R&R Hoodie - Natural White,https://allbirds.com/products/mens-rr-hoodie-natural-white,mens-rr-hoodie-natural-white,118.00,104.00,11.864406779661017
284,allbirds,Men's R&R Sweatpant - Natural White,https://allbirds.com/products/mens-rr-sweatpant-natural-white,mens-rr-sweatpant-natural-white,98.00,84.00,14.285714285714285
285,allbirds,Women's R&R Sweatshirt - Natural White,https://allbirds.com/products/womens-rr-sweatshirt-natural-white,womens-rr-sweatshirt-natural-white,98.00,84.00,14.285714285714285
286,allbirds,Men's R&R Sweatshirt - Natural Black,https://allbirds.com/products/mens-rr-sweatshirt,mens-rr-sweatshirt,98.00,84.00,14.285714285714285
287,allbirds,Women's R&R Hoodie - Natural White,https://allbirds.com/products/womens-rr-hoodie-natural-white,womens-rr-hoodie-natural-white,118.00,104.00,11.864406779661017
288,allbirds,Men's R&R Sweatpant - Natural Black,https://allbirds.com/products/mens-rr-sweatpant,mens-rr-sweatpant,98.00,84.00,14.285714285714285
289,allbirds,Men's R&R Sweatshirt - Natural White,https://allbirds.com/products/mens-rr-sweatshirt-natural-white,mens-rr-sweatshirt-natural-white,98.00,84.00,14.285714285714285
290,allbirds,Women's R&R Sweatpant - Natural White,https://allbirds.com/products/womens-rr-sweatpant-natural-white,womens-rr-sweatpant-natural-white,98.00,84.00,14.285714285714285
291,allbirds,Women's R&R Sweatshirt - Natural Black,https://allbirds.com/products/womens-rr-sweatshirt,womens-rr-sweatshirt,98.00,84.00,14.285714285714285
292,allbirds,Women's Long Sleeve Sea Tee - Navy Night,https://allbirds.com/products/womens-long-sleeve-sea-tee-navy-night,womens-long-sleeve-sea-tee-navy-night,58.00,39.00,32.758620689655174
293,allbirds,Women's Long Sleeve Sea Tee - Blizzard,https://allbirds.com/products/womens-long-sleeve-sea-tee-blizzard,womens-long-sleeve-sea-tee-blizzard,58.00,39.00,32.758620689655174
294,allbirds,Women's Long Sleeve Sea Tee - Medium Grey,https://allbirds.com/products/womens-long-sleeve-sea-tee,womens-long-sleeve-sea-tee,58.00,39.00,32.758620689655174
295,allbirds,Men's Long Sleeve Sea Tee - Navy Night,https://allbirds.com/products/mens-long-sleeve-sea-tee,mens-long-sleeve-sea-tee,58.00,39.00,32.758620689655174
296,allbirds,Men's Sea Tee - Navy Night,https://allbirds.com/products/mens-sea-tee-navy-night,mens-sea-tee-navy-night,48.00,29.00,39.58333333333333
297,allbirds,Women's Sea Tee - Classic Fit - Medium Grey,https://allbirds.com/products/womens-sea-tee-classic-fit-medium-grey,womens-sea-tee-classic-fit-medium-grey,48.00,29.00,39.58333333333333
298,allbirds,Women's Sea Tee - Classic Fit - Navy Night,https://allbirds.com/products/womens-sea-tee-classic-fit-navy-night,womens-sea-tee-classic-fit-navy-night,48.00,29.00,39.58333333333333
299,allbirds,Men's Trino® Trunk - Navy Night,https://allbirds.com/products/mens-trino-trunk-navy-night,mens-trino-trunk-navy-night,22.00,14.00,36.36363636363637
300,allbirds,Women's Trino® Bralette - Navy Night,https://allbirds.com/products/womens-trino-bralette-navy-night,womens-trino-bralette-navy-night,30.00,24.00,20.0
301,allbirds,Women's Trino® Bralette - True Black,https://allbirds.com/products/womens-trino-bralette,womens-trino-bralette,30.00,24.00,20.0
302,allbirds,Men's Trino® Boxer Brief - Navy Night,https://allbirds.com/products/mens-trino-boxer-brief-navy-night,mens-trino-boxer-brief-navy-night,24.00,19.00,20.833333333333336
303,allbirds,Trino® Tubers - Wheat,https://allbirds.com/products/trino-tubers,trino-tubers,16.00,9.00,43.75
304,stix,Lightly Used Iron Set (5 - PW),https://stix.golf/products/lightly-used-iron-set-5-pw,lightly-used-iron-set-5-pw,499.00,424.15,15.000000000000005
305,stix,Stand Bag - Lightly Used,https://stix.golf/products/stand-bag-lightly-used,stand-bag-lightly-used,249.00,199.00,20.080321285140563
306,stix,Ambassador Complete Set (14 Clubs),https://stix.golf/products/ambassador-complete-set-14-clubs,ambassador-complete-set-14-clubs,999.00,999.00,0.0
307,stix,Ambassador Classic Set (11 Clubs),https://stix.golf/products/ambassador-classic-set-11-clubs,ambassador-classic-set-11-clubs,799.00,799.00,0.0
308,stix,Ambassador Iron Set (5 - PW),https://stix.golf/products/ambassador-iron-set-5-pw,ambassador-iron-set-5-pw,499.00,499.00,0.0
309,stix,Lightly Used Classic Set (11 Clubs) - Silver,https://stix.golf/products/lightly-used-classic-set-11-clubs-silver,lightly-used-classic-set-11-clubs-silver,799.00,611.00,23.52941176470588
310,stix,Lightly Used Casual Set (9 Clubs),https://stix.golf/products/pre-owned-casual-set-9-clubs,pre-owned-casual-set-9-clubs,699.00,594.15,15.000000000000002
311,stix,Lightly Used Classic Set (11 Clubs),https://stix.golf/products/pre-owned-classic-set-11-clubs,pre-owned-classic-set-11-clubs,799.00,679.15,15.000000000000002
312,stix,Sunday Golf x Stix El Camino Bag,https://stix.golf/products/sunday-golf-x-stix-el-camino-bag,sunday-golf-x-stix-el-camino-bag,209.00,179.00,14.354066985645932
313,stix,Lightly Used Complete Set (14 Clubs) - Silver,https://stix.golf/products/pre-owned-complete-set-14-clubs-silver,pre-owned-complete-set-14-clubs-silver,999.00,764.00,23.523523523523522
314,stix,Lightly Used Complete Set (14 Clubs),https://stix.golf/products/pre-owned-complete-set-14-clubs,pre-owned-complete-set-14-clubs,999.00,849.15,15.000000000000002
315,stix,Father's Day Bundle,https://stix.golf/products/fathers-day-bundle,fathers-day-bundle,74.00,50.00,32.432432432432435
316,stix,Classic Set (11 Clubs) - Silver,https://stix.golf/products/classic-set-11-clubs-silver,classic-set-11-clubs-silver,799.00,719.00,10.012515644555695
317,stix,"Wedge Set (52°, 56°, 60°) - Silver",https://stix.golf/products/wedge-set-silver-52-56-60,wedge-set-silver-52-56-60,249.00,219.00,12.048192771084338
318,stix,Complete Set (14 Clubs) - Silver,https://stix.golf/products/complete-set-14-clubs-silver,complete-set-14-clubs-silver,999.00,899.00,10.01001001001001
319,stix,Iron Set (5 - PW) - Silver,https://stix.golf/products/iron-set-5-pw-silver,iron-set-5-pw-silver,499.00,449.00,10.02004008016032
320,goruck,Ballistic Trainers - Low Top - Charcoal + White + Coyote,https://goruck.com/products/ballistic-trainers-low-top-charcoal-white-coyote,ballistic-trainers-low-top-charcoal-white-coyote,125.00,99.00,20.8
321,goruck,The Field Full Zip,https://goruck.com/products/the-field-full-zip,the-field-full-zip,75.00,55.00,26.666666666666668
322,goruck,Sandbags 2.0 - Tiger Stripe - 40LB,https://goruck.com/products/sandbags-2-0-tiger-stripe-40lb,sandbags-2-0-tiger-stripe-40lb,130.00,99.00,23.846153846153847
323,goruck,Shadow Pockets - XL - Black,https://goruck.com/products/shadow-pockets-xl-black,shadow-pockets-xl-black,30.00,25.00,16.666666666666664
324,goruck,GR1 Field Pocket - Frogskin Camo,https://goruck.com/products/gr1-field-pocket-frogskin-camo,gr1-field-pocket-frogskin-camo,55.00,39.00,29.09090909090909
325,goruck,Jedburgh Rucking Boots - Mid Top - Navy + Coyote,https://goruck.com/products/jedburgh-rucking-boots-navy-coyote,jedburgh-rucking-boots-navy-coyote,175.00,99.00,43.42857142857143
326,goruck,Jedburgh Rucking Boots - Mid Top - Black + Gum,https://goruck.com/products/jedburgh-rucking-boots-black-gum,jedburgh-rucking-boots-black-gum,175.00,99.00,43.42857142857143
327,goruck,Jedburgh Rucking Boots - Mid Top - Black + Coyote,https://goruck.com/products/jedburgh-rucking-boots-black-coyote,jedburgh-rucking-boots-black-coyote,175.00,99.00,43.42857142857143
328,goruck,"Jedburgh Rucking Boots - Mid Top - Tan + Gum - Size 4(W6), 4.5 (W6.5), 8 (W10), 10",https://goruck.com/products/jedburgh-rucking-boots-tan-gum,jedburgh-rucking-boots-tan-gum,175.00,99.00,43.42857142857143
329,goruck,Ballistic Trainers - Low Top - Navy + White + Coyote,https://goruck.com/products/ballistic-trainers-low-top-navy-white-coyote,ballistic-trainers-low-top-navy-white-coyote,125.00,99.00,20.8
330,goruck,"24.7 Tough Half Zip - XL, XXL",https://goruck.com/products/half-zip,half-zip,95.00,85.00,10.526315789473683
331,goruck,Ballistic Trainers - Mid Top - Coyote,https://goruck.com/products/ballistic-trainers-mid-top-coyote,ballistic-trainers-mid-top-coyote,135.00,99.00,26.666666666666668
332,goruck,Ballistic Trainers - Low Top - Green + White + Gum,https://goruck.com/products/ballistic-trainers-low-top-green-white-gum,ballistic-trainers-low-top-green-white-gum,125.00,99.00,20.8
333,goruck,Ballistic Trainers - Low Top - Blue + Yellow,https://goruck.com/products/ballistic-trainers-low-top-blue-yellow,ballistic-trainers-low-top-blue-yellow,125.00,99.00,20.8
334,goruck,GR2 Field Pocket,https://goruck.com/products/gr2-field-pocket,gr2-field-pocket,65.00,49.00,24.615384615384617
335,goruck,T-shirt - Stand With Ukraine (Warship) (SOA Fundraiser),https://goruck.com/products/t-shirt-warship,t-shirt-warship,35.00,19.00,45.714285714285715
336,goruck,Jedburgh Rucking Boots - Mid Top - Green + Coyote,https://goruck.com/products/jedburgh-rucking-boots-mid-top-green-coyote,jedburgh-rucking-boots-mid-top-green-coyote,175.00,99.00,43.42857142857143
337,goruck,MACV-1 - Mid Top - Dark Brown + Black - Size 4(W6) - 8.5,https://goruck.com/products/macv-1-mid-top-dark-brown-black,macv-1-mid-top-dark-brown-black,160.00,119.00,25.624999999999996
338,goruck,MACV-1 - High Top - Coyote Suede,https://goruck.com/products/macv-1-high-top-coyote-suede,macv-1-high-top-coyote-suede,165.00,119.00,27.878787878787882
339,goruck,"Jedburgh Rucking Boots - Mid Top - Armor Grey - Size 4.5 (W6.5), 5 (W7), 6.5 (W8.5)",https://goruck.com/products/jedburgh-rucking-boots-armor-grey,jedburgh-rucking-boots-armor-grey,175.00,99.00,43.42857142857143
340,goruck,Ballistic Trainers - Low Top - Black + Gum,https://goruck.com/products/ballistic-trainers-black-gum,ballistic-trainers-black-gum,125.00,99.00,20.8
341,goruck,Ballistic Trainers - Low Top - Lunar Rock,https://goruck.com/products/ballistic-trainers-lunar-rock,ballistic-trainers-lunar-rock,125.00,99.00,20.8
342,goruck,Ballistic Trainers - Low Top - Black + Camo,https://goruck.com/products/ballistic-trainers-black-camo,ballistic-trainers-black-camo,125.00,99.00,20.8
343,goruck,Tank - GORUCK USA,https://goruck.com/products/tank-goruck-usa,tank-goruck-usa,30.00,19.00,36.666666666666664
344,goruck,T-shirt - Reverse Flag,https://goruck.com/products/t-shirt-reverse-flag,t-shirt-reverse-flag,29.00,19.00,34.48275862068966
345,goruck,Jedburgh Rucking Boots - Mid Top - Black,https://goruck.com/products/jedburgh-rucking-boots,jedburgh-rucking-boots,175.00,99.00,43.42857142857143
346,goruck,MACV-1 - Mid Top - Light Brown + Coyote - Size 4(W6) - 5.5 (W7.5),https://goruck.com/products/macv-1-light-brown-coyote,macv-1-light-brown-coyote,160.00,119.00,25.624999999999996
347,goruck,Beer Jacket - GORUCK (2 pack),https://goruck.com/products/beer-jacket-goruck-2-pack,beer-jacket-goruck-2-pack,9.00,6.00,33.33333333333333
348,goruck,Ballistic Trainers - Low Top - Blackout,https://goruck.com/products/ballistic-trainers,ballistic-trainers,125.00,99.00,20.8
349,goruck,MACV-1 - Mid Top - Coyote Suede,https://goruck.com/products/macv-1-coyote-suede,macv-1-coyote-suede,155.00,115.00,25.806451612903224
350,goruck,MACV-1 - Mid Top - Black,https://goruck.com/products/macv-1,macv-1,160.00,115.00,28.125
351,goruck,T-shirt - DFQ,https://goruck.com/products/t-shirt-dfq,t-shirt-dfq,29.00,19.00,34.48275862068966
352,goruck,T-shirt - Embrace the Suck,https://goruck.com/products/t-shirt-embrace-the-suck,t-shirt-embrace-the-suck,29.00,19.00,34.48275862068966
353,goruck,T-shirt - America,https://goruck.com/products/t-shirt-america,t-shirt-america,29.00,19.00,34.48275862068966
354,goruck,T-shirt - The Three Rules,https://goruck.com/products/t-shirt-the-three-rules,t-shirt-the-three-rules,29.00,19.00,34.48275862068966
355,goruck,Ballistic Trainers - Mid Top - Blackout - Size 10.5,https://goruck.com/products/ballistic-trainers-mid,ballistic-trainers-mid,135.00,79.00,41.48148148148148
356,goruck,Sandbags 2.0 - 80LB - Black Multicam,https://goruck.com/products/sandbags-2-0-80lb-black-multicam,sandbags-2-0-80lb-black-multicam,160.00,105.00,34.375
357,goruck,T-shirt - Embrace the Suck - Grey,https://goruck.com/products/t-shirt-embrace-the-suck-grey,t-shirt-embrace-the-suck-grey,29.00,19.00,34.48275862068966
358,goruck,T-shirt - Life Has Risk - Red,https://goruck.com/products/t-shirt-life-has-risk-red,t-shirt-life-has-risk-red,29.00,19.00,34.48275862068966
359,goruck,T-shirt - GORUCK Spearhead - Tiger Stripe,https://goruck.com/products/t-shirt-goruck-spearhead-tiger-stripe,t-shirt-goruck-spearhead-tiger-stripe,29.00,19.00,34.48275862068966
360,goruck,T-shirt - GORUCK Tribe - 2022,https://goruck.com/products/t-shirt-goruck-tribe-2022,t-shirt-goruck-tribe-2022,29.00,19.00,34.48275862068966
361,goruck,T-shirt - GORUCK USA (Black & Grey),https://goruck.com/products/t-shirt-goruck-usa-black-grey,t-shirt-goruck-usa-black-grey,29.00,19.00,34.48275862068966
362,goruck,Cropped Hoodie - GORUCK (Women) - Black,https://goruck.com/products/cropped-hoodie-goruck-women-black,cropped-hoodie-goruck-women-black,65.00,45.00,30.76923076923077
363,goruck,Cropped T-shirt - GORUCK Spearhead (Women) - Heather Dust,https://goruck.com/products/cropped-t-shirt-goruck-spearhead-women-heather-dust,cropped-t-shirt-goruck-spearhead-women-heather-dust,29.00,19.00,34.48275862068966
364,goruck,Pullover - GORUCK USA,https://goruck.com/products/pullover-goruck-usa,pullover-goruck-usa,40.00,19.00,52.5
365,goruck,Hoodie - GORUCK USA,https://goruck.com/products/hoodie-goruck-usa,hoodie-goruck-usa,35.00,19.00,45.714285714285715
366,goruck,24.7 Tough Tee - Long Sleeve,https://goruck.com/products/24-7-tough-tee-long-sleeve,24-7-tough-tee-long-sleeve,65.00,45.00,30.76923076923077
367,goruck,Kit Bag - 32L - Coyote Brown (Includes Shoulder Strap),https://goruck.com/products/kit-bag-32l-coyote-brown-includes-shoulder-strap,kit-bag-32l-coyote-brown-includes-shoulder-strap,125.00,75.00,40.0
368,goruck,T-shirt - GORUCK Spearhead - Black + White,https://goruck.com/products/t-shirt-goruck-spearhead-black-white,t-shirt-goruck-spearhead-black-white,29.00,19.00,34.48275862068966
369,goruck,Performance Trucker Hat - DFQ,https://goruck.com/products/performance-trucker-hat-dfq,performance-trucker-hat-dfq,30.00,19.00,36.666666666666664
370,goruck,Performance Trucker Hat - GORUCK Spearhead,https://goruck.com/products/performance-trucker-hat-goruck-spearhead,performance-trucker-hat-goruck-spearhead,30.00,19.00,36.666666666666664
371,goruck,Performance Trucker Hat - DFQ (Offset),https://goruck.com/products/performance-trucker-hat-dfq-offset,performance-trucker-hat-dfq-offset,30.00,19.00,36.666666666666664
372,goruck,GR1 Shooter Accessories Bundle,https://goruck.com/products/gr1-shooter-accessories-bundle,gr1-shooter-accessories-bundle,75.00,29.00,61.33333333333333
373,goruck,Heritage Jump Boots - High Top - Size W6-W7.5,https://goruck.com/products/heritage-jump-boots,heritage-jump-boots,249.00,99.00,60.24096385542169
374,goruck,GORUCK Tribe 'n Training (Monthly Subscription),https://goruck.com/products/patch-goruck-tribe-monthly-subscription,patch-goruck-tribe-monthly-subscription,20.00,15.00,25.0
375,goruck,MACV-1 - Mid Top - Black + Coyote - Size W6-W6.5,https://goruck.com/products/macv-1-black-coyote-6,macv-1-black-coyote-6,160.00,99.00,38.125
376,goruck,Decal - GORUCK Spearhead,https://goruck.com/products/decal-goruck,decal-goruck,4.00,3.00,25.0
377,goruck,BOOK: Warrior's Creed,https://goruck.com/products/book-warriors-creed,book-warriors-creed,18.00,11.00,38.88888888888889
378,goruck,Beer Jacket - 1%,https://goruck.com/products/beer-jacket-1,beer-jacket-1,5.00,4.00,20.0
379,goruck,GR2 34L - Black [Discontinued Overseas Model],https://goruck.com/products/gr2-34l-black,gr2-34l-black,325.00,299.00,8.0
380,goruck,MACV-1 - Mid Top - Origins Edition - Size 4 (W6),https://goruck.com/products/macv-1-origins-edition,macv-1-origins-edition,160.00,119.00,25.624999999999996
381,goruck,GORUCK x Carryology Kaidan Capsule Bundle,https://goruck.com/products/goruck-x-carryology-kaidan-capsule-bundle,goruck-x-carryology-kaidan-capsule-bundle,915.00,850.00,7.103825136612022
382,goruck,Patch  - Endless Summer,https://goruck.com/products/patch-endless-summer,patch-endless-summer,15.00,5.00,66.66666666666666
383,goruck,PVC Patch - Reverse Flag (Black),https://goruck.com/products/pvc-patch-reverse-flag-black,pvc-patch-reverse-flag-black,10.00,4.00,60.0
384,goruck,BOOK: How Not to Start a Backpack Company,https://goruck.com/products/book-how-not-to-start-a-backpack-company,book-how-not-to-start-a-backpack-company,40.00,35.00,12.5
385,hukgear,Huk Performance Brewster,https://hukgear.com/products/huk-performance-brewster-moss,huk-performance-brewster-moss,60.00,29.99,50.016666666666666
386,hukgear,Huk Classic Brewster,https://hukgear.com/products/huk-classic-brewster-grey,huk-classic-brewster-grey,60.00,29.99,50.016666666666666
387,hukgear,Huk Power Stretch Fingerless Glove,https://hukgear.com/products/huk-power-stretch-fingerless-glove-heather-black,huk-power-stretch-fingerless-glove-heather-black,35.00,35.00,0.0
388,hukgear,Huk Liner Glove,https://hukgear.com/products/huk-liner-glove-huk-blue,huk-liner-glove-huk-blue,35.00,35.00,0.0
389,hukgear,Huk Mossy Oak Bottomland Classic Brewster,https://hukgear.com/products/huk-classic-brewster-mossy-oak-bottomland,huk-classic-brewster-mossy-oak-bottomland,65.00,29.99,53.86153846153847
390,hukgear,Huk Mossy Oak Performance Brewster,https://hukgear.com/products/huk-performance-brewster-ss23-mossy-oak-bottomland,huk-performance-brewster-ss23-mossy-oak-bottomland,65.00,29.99,53.86153846153847
